Title,imdbID,tmdbId
Capone,tt6199572,
Cannonball,tt10655954,
Bizim Aile,tt0494588,
Animal House,tt30424573,
Salem's Lot,tt10245072,
Breaking Bad,tt0903747,
The Pit,tt7431994,
Night Shadows,tt5774558,
Jason's Destroyer: The Making of Friday the 13th Part VII - The New Blood,tt2078650,
Native Son,tt6566768,
Roadkill,tt10846250,
Angel,tt0162065,
Loose Screws,tt5050058,
Sid & Nancy - Ex & Pop,tt9760550,
House,tt0412142,
Bliss,tt10333426,
Whitey,tt4273400,
Troll,tt11116912,
Scared to Death,tt0039800,
Escape to Victory,tt9735356,
Inside Story: National Lampoon's Vacation,tt7642624,
Road House,tt3359350,
The Punisher,tt5675620,
They Won't Stay Dead: A Look at Return of the Living Dead Part II,tt2199681,
Revolution,tt2070791,
2010,tt0883356,
Supergirl,tt4016454,
The Wind in the Willows,tt0042044,
Return-of-the-Living-Dead-3: Ashes to Ashes,tt6270244,
Wendy Williams: What a Mess!,tt13840726,
Prince Vaali,tt1858770,
133) Jason Goes to Hell: The Final Friday (1993),tt25690636,
The Ride,tt6102104,
Doctor Who,tt0436992,
Rasen,tt0237982,
Seasick,tt15090794,
Sunday,tt1039989,
"Creatures From the Abyss, aka Plankton (1994)",tt24909318,
Godfather,tt13130308,
Poison,tt28912885,
Counterforce,tt0092787,
The Rookie,tt7587890,
David,tt2358412,
Buffy the Vampire Slayer,tt0118276,
Run,tt8633478,
Black and White,tt1636833,
The Three Brothers,tt0006158,
Unforgettable,tt1842530,
Ri¢hie Ri¢h,tt0144065,
Lost in Space,tt5232792,
Being Human,tt1595680,
Legacy of Zyzzyx Road,tt32632312,
Alone in the Dark 2,tt1120966,
Le château maléfique,tt18260344,
Sarkar,tt7715202,
Canvas,tt9711282,
Ghost Writer,tt10280220,
Shadow of the Eagle,tt0437273,
Salute,tt13978658,
Lunch Box,tt0104778,
Steam,tt1403246,
MR Exotic VS the Villan Lair,tt26765337,
Plus One,tt7645122,
The River,tt1836195,
R60 Snakeman Show,tt1856506,
Taare Zameen Par,tt13300004,
Dead Man's Hand,tt23469212,
Tere Naam,tt11047176,
In the Shadow of the Moon,tt8110640,
Chance,tt5620076,
'Saippuaprinssi' making of,tt0934902,
The Hollow,tt6193336,
All the Best,tt2454836,
Lascars,tt0856138,
The Interceptor,tt3654614,
Lucky Luke,tt0175863,
123 D-Tox/Eye See You (2002),tt18761394,
A Pain in the Ass,tt0072934,
Tristan & Isolde,tt0262069,
Daredevil,tt3322312,
Gone in Sixty Seconds at Ascot Raceway,tt18930694,
Lego Harry Potter and the Philosopher's Stone,tt14149634,
X2,tt33407198,
Secrets in the Snow,tt12246284,
Easy on the Eyes,tt0023977,
Little Witch Academia,tt6352180,
Barfi,tt3099638,
Burn,tt8009314,
Drones,tt2179027,
Mindscape,tt0075047,
Leave the World Behind,tt12747748,
Baby Blues,tt0972359,
The Outsider,tt8550800,
Calculator,tt34055634,
On the Hook,tt5799728,
The Bartender,tt9722800,
Ragnarok,tt9251798,
The Battalion,tt12078950,
Search Party,tt5460226,
Veronica Mars,tt0412253,
Ballerina,tt26350277,
Space Pirate Captain Harlock,tt0182646,
RiffTrax: Star Wars: The Force Awakens,tt10321138,
E! Online Live from the Red Carpet Men in Black 3,tt2224272,
Insurgent,tt31922388,
Endangered Species,tt13863334,
Ashura,tt2719064,
FUBAR,tt13064902,
A Connecticut Yankee in King Arthur's Court,tt0041259,
Modern Family,tt1442437,
Lou,tt5315210,
The Bet,tt3583370,
Gwendoline,tt22438506,
Skin,tt6043142,
Just Like Me,tt1435955,
Martial Law,tt0163949,
Taipei: Love Forbidden,tt1381684,
The Colour Out of Space,tt7242462,
Lovers Like 'Us',tt1577844,
In the Shadows,tt2302416,
The Last Ride,tt0402336,
Pretty Smart,tt14369056,
Alléluia,tt1369806,
Come and Go,tt0343543,
Blockbuster,tt16124614,
Miserere,tt11213702,
Dark Eyes,tt0044004,
The Caine Mutiny Court-Martial,tt24249946,
The StickUp,tt4654054,
Sexo com Amor?,tt0931353,
Knight Rider,tt0083437,
Quitting,tt1427937,
Gardenia,tt12914986,
Erased,tt5249462,
For Keeps,tt10096244,
The New Monsters,tt1564374,
Dead Silent,tt5787720,
Standard Time,tt0127300,
Lost and Found,tt1336600,
Zero Tolerance,tt3727690,
The Feast of the Goat,tt14504712,
The Staircase,tt11324406,
Frauentausch - Das Aschenputtel-Experiment,tt1136752,
Superpower,tt18327788,
The Last Man,tt3312180,
The Confession,tt1809362,
On Thin Ice,tt0345119,
Downstream,tt1351636,
The Union,tt12610390,
Secret Society,tt13050400,
"Rock, Paper, Scissors",tt4420040,
Twist,tt10077034,
"Unforgettable, Crazy Me",tt6035914,
Doomed Love,tt1080813,
Snapshot,tt2198191,
The Report,tt8236336,
Flower & Snake: Zero,tt3421616,
This Night,tt1679678,
Momo,tt0091537,
Lovely Complex,tt1587394,
The Strange Ones,tt6014904,
Jump!,tt0816544,
Maelström 2001,tt23722364,
The Apology,tt22494914,
200 MPH Club,tt7676544,
Summer Love,tt4997624,
Pluto,tt26737616,
My Son,tt13234058,
Gyamo Queen of the mountains,tt9648058,
Code 37,tt1434482,
Ghoul,tt5909930,
Mascara,tt0093504,
Naked Paradise,tt0050748,
Sugar,tt16418808,
Uptown,tt0092619,
What 80 Million Women Want,tt0002822,
Going Under,tt0099675,
Bestseller,tt17500926,
The Other Shore,tt0118659,
Frost Bite,tt10419674,
To.Get.Her,tt11042396,
Cairn,tt27998853,
AKA,tt27197387,
Electric Dreams,tt5711280,
Body to Body,tt7482450,
The Art of Dying,tt0101369,
Project M,tt2641066,
The hungarian painter's homage to the people of Rome,tt2078755,
The Silence,tt7315484,
The Samurai,tt0892352,
The Nativity,tt1719950,
Florida Man,tt14509130,
The Price We Pay,tt15441472,
Citizen's Band,tt3406706,
La novia,tt0178796,
Flashpoint,tt1059475,
Train Man,tt0481035,
Sunflower,tt13304410,
The Witcher Bestiary,tt16477820,
Intern Academy,tt8390114,
Not a Love Story: Making (500) Days of Summer,tt1572162,
Peasants,tt0278026,
"Vestigios, el Misterio del Dique la Ciénaga",tt11867660,
Bob Dylan: The Night We Called It a Day,tt4503270,
The Temple,tt13225444,
Into the Badlands,tt3865236,
Senior Trip,tt0083051,
Origin,tt7801780,
Outlanders,tt0452661,
Bad Hair,tt4798836,
Miracles,tt0320075,
She,tt11905720,
Friday Night Lights,tt0758745,
Why Me?,tt4016994,
Bones,tt0460627,
The Sleepover,tt10888708,
¡Ay Carmela!,tt12621822,
The Boys,tt1190634,
Galileo,tt1118526,
Scandal,tt1837576,
Lootera,tt0357875,
Making of 'The Mechanik',tt0819910,
All Around Us,tt5344358,
The Absent,tt0433817,
Making of 'Loriots Pappa ante Portas',tt6033048,
Waar is het paard van Sinterklaas?,tt0926766,
Woman of Water,tt0314741,
Zatoichi: The Blind Swordsman,tt0496467,
Deadly Chase,tt0319268,
New Year,tt11649428,
Primeval,tt0808096,
Easy,tt5562056,
Once Brothers,tt0185572,
The Best Day Ever,tt5277256,
Lope,tt5511560,
Time,tt13138834,
Fuck You Goethe: Her mit der Filmbildung,tt5423756,
Suicides,tt0086384,
Les héritiers,tt15417412,
Summer House,tt6645582,
Let Go,tt27410895,
Whitney,tt1850458,
Largo,tt2379720,
Bang Bang Baby,tt15564662,
Bandage,tt5796310,
The King,tt7984766,
Time Share,tt6444140,
The Making of 'Dr. T and the Women',tt0486857,
Guardian Angels,tt22082624,
Corporate,tt5648202,
Tiny Times 2,tt6972688,
Foreign Body,tt8847200,
The Walking Dead,tt1520211,
Icarus,tt6333060,
Hard Times at the Employment Office,tt0276999,
Exorcismo,tt33295808,
