Title,imdbID,tmdbId,BoxOffice
Good Guys Wear Black,tt0079227,42205.0,18300000
Grizzly,tt0074593,55784.0,0
The Duellists,tt0075968,19067.0,0
Jackson County Jail,tt0074706,21950.0,2300000
Fighting Mad,tt0076024,90121.0,0
Pumping Iron,tt0076578,5205.0,0
Family Plot,tt0074512,5854.0,13200000
Dersu Uzala,tt0071411,9764.0,0
Hard Times,tt0073092,22094.0,5000000
The Land That Time Forgot,tt0073260,27085.0,0
Squeeze Play,tt0081552,61644.0,0
Airport 1975,tt0071110,27932.0,102985152
Piranha,tt0078087,24831.0,16000000
The Master Gunfighter,tt0073357,95555.0,0
Emmanuelle,tt0071464,24402.0,20200000
Rock 'n' Roll High School,tt0079813,26326.0,0
Desperate Living,tt0075936,14262.0,0
La Soufrière,tt0076741,48227.0,0
"Farewell, My Lovely",tt0072973,1835.0,2000000
Caged Heat,tt0071266,39775.0,0
Beneath the Valley of the Ultra-Vixens,tt0078846,5157.0,0
Let's Do It Again,tt0073282,29473.0,11800000
Valentino,tt0076868,42603.0,0
Rolling Thunder,tt0076637,21948.0,0
Within the Woods,tt0078503,2186.0,0
Daisy Miller,tt0071385,4703.0,0
Jacques Brel Is Alive and Well and Living in Paris,tt0121411,198317.0,0
The Magic Flute,tt0073822,44864.0,0
Ilsa the Tigress of Siberia,tt0078398,28746.0,0
Russian Roulette,tt0073646,242102.0,0
The Odd Angry Shot,tt0079652,29582.0,0
The Brood,tt0078908,28942.0,5000000
Malibu High,tt0079514,66745.0,0
Tunnel Vision,tt0075357,114255.0,0
Sebastiane,tt0075177,42241.0,0
Sinbad and the Eye of the Tiger,tt0076716,11940.0,16000000
Hollywood Boulevard,tt0074633,29856.0,0
Eaten Alive,tt0074455,30062.0,0
Go Tell the Spartans,tt0077617,32052.0,0
The Kids Are Alright,tt0079400,22984.0,0
Us Two,tt0080184,76348.0,0
Rabid,tt0076590,29437.0,0
Criminally Insane,tt0072831,89659.0,0
How Much Wood Would a Woodchuck Chuck...,tt0074650,100224.0,0
The Toolbox Murders,tt0078405,27495.0,0
Dark Star,tt0069945,1410.0,0
Breakout,tt0072737,31671.0,16000000
The Incredible Melting Man,tt0076191,40231.0,0
Flesh Gordon,tt0068595,3687.0,0
Female Trouble,tt0072979,14267.0,0
The Lords of Flatbush,tt0071772,38925.0,4000000
Soldier of Orange,tt0076734,633.0,0
Uptown Saturday Night,tt0072351,29464.0,6700000
Foxy Brown,tt0071517,22048.0,0
The Kentucky Fried Movie,tt0076257,11598.0,0
Kingdom of the Spiders,tt0076271,30315.0,17000000
The Trial of Billy Jack,tt0072317,83980.0,0
Stay Hungry,tt0075268,5228.0,24854765
Bring Me the Head of Alfredo Garcia,tt0071249,11942.0,700000
Tim,tt0080024,31179.0,809000
Sweeney!,tt0076788,55762.0,0
3 Women,tt0075612,41662.0,0
Watership Down,tt0078480,11837.0,3713768
Tentacles,tt0076809,49158.0,3000000
Day of the Animals,tt0075913,64976.0,0
Beyond the Door,tt0071212,33801.0,0
The Hobbit,tt0077687,1362.0,0
The Lost Honor of Katharina Blum,tt0073858,4762.0,0
The Klansman,tt0071721,77765.0,0
I Am Self Sufficient,tt0076207,54313.0,0
I Never Promised You a Rose Garden,tt0076172,66092.0,0
Deranged,tt0071408,39844.0,0
Shock Waves,tt0076704,26680.0,0
Weasels Rip My Flesh,tt0304927,79911.0,0
Outlaw Blues,tt0076512,112731.0,0
Eraserhead,tt0074486,985.0,7000000
Shocking Asia,tt0073706,115463.0,0
Bite the Bullet,tt0072705,32617.0,0
Seizure,tt0072136,29854.0,0
Shivers,tt0073705,27429.0,1000000
Capricorn One,tt0077294,11935.0,12000000
The Great Ecstasy of Woodcarver Steiner,tt0070136,46595.0,0
Death Race 2000,tt0072856,13282.0,8000000
The Front Page,tt0071524,987.0,0
American Boy: A Profile of Steven Prince,tt0077157,33470.0,0
"Alice, Sweet Alice",tt0076150,23761.0,0
Captain Kronos: Vampire Hunter,tt0071276,18979.0,0
The Chant of Jimmie Blacksmith,tt0077318,69069.0,0
Attack of the Killer Tomatoes!,tt0080391,2182.0,0
Wizards,tt0076929,16220.0,9000000
Airport '77,tt0075648,7227.0,91100000
Nickelodeon,tt0074964,104364.0,0
Don Giovanni,tt0079063,61638.0,0
The Hindenburg,tt0073113,17599.0,0
The Wild Geese,tt0078492,7010.0,9900000
Barry Lyndon,tt0072684,3175.0,260131
Bear Island,tt0078836,38629.0,0
Logan's Run,tt0074812,10803.0,25000000
MacArthur,tt0076342,31037.0,16300000
Avalanche,tt0077189,166680.0,0
1900,tt0074084,3870.0,0
Caligula,tt0080491,9453.0,23400000
Cross of Iron,tt0074695,10839.0,1509000
Fedora,tt0077539,54000.0,0
Big Wednesday,tt0077235,18387.0,0
The Fury,tt0077588,12611.0,24000000
Damnation Alley,tt0075909,25763.0,8720000
Sorcerer,tt0076740,38985.0,9000000
Terror Train,tt0081617,40969.0,0
Mephisto,tt0082736,11911.0,0
Hey Good Lookin',tt0084070,32202.0,0
Combat Shock,tt0090866,26558.0,0
Fear No Evil,tt0082367,91817.0,3000000
Santa Sangre,tt0098253,19236.0,0
Robo Vampire,tt0121694,88377.0,0
Surfacing,tt0088208,282298.0,0
Slime City,tt0234748,27548.0,0
Another State of Mind,tt0198307,42082.0,0
Polyester,tt0082926,14269.0,0
The Devil at Your Heels,tt0132082,49991.0,0
America 3000,tt0090630,27270.0,0
Manhattan Baby,tt0084298,30875.0,0
The Mahabharata,tt0097810,150523.0,0
Mesmerized,tt0091513,73515.0,0
Class of 1984,tt0083739,11564.0,0
Bad Taste,tt0092610,9964.0,0
Killer Klowns from Outer Space,tt0095444,16296.0,43625095
Sorority Babes in the Slimeball Bowl-O-Rama,tt0096142,27390.0,0
Raiders of the Lost Ark: The Adaptation,tt0772251,62128.0,0
Without Warning,tt0081764,44932.0,0
Malibu Express,tt0089539,64494.0,0
Who's Singin' Over There?,tt0076276,17909.0,0
Neon Maniacs,tt0127045,26676.0,0
Vincent,tt0084868,32085.0,0
The Park Is Mine,tt0091724,53157.0,0
Galaxy of Terror,tt0082431,28893.0,0
Mickey's Christmas Carol,tt0085936,14813.0,21000000
Black Eagle,tt0094750,18214.0,0
The Unseen,tt0083261,40241.0,0
Phenomena,tt0087909,29161.0,0
Eating Raoul,tt0083869,28940.0,0
Goodbye Pork Pie,tt0082464,16124.0,1400000
The Return of Captain Invincible,tt0086189,71016.0,0
The Decline of Western Civilization,tt0082252,21137.0,0
Scarecrows,tt0096046,40168.0,0
Hollywood Chainsaw Hookers,tt0095312,27412.0,0
Time Walker,tt0084796,30049.0,0
The Boogey Man,tt0080464,40220.0,0
Battle Beyond the Stars,tt0080421,14460.0,11000000
Julie Darling,tt0084182,81475.0,0
Godzilla vs. Biollante,tt0097444,18289.0,7000000
Evilspeak,tt0082346,39868.0,0
One Dark Night,tt0086050,37935.0,0
Trancers,tt0090192,5677.0,0
The Hills Have Eyes Part II,tt0089274,18477.0,0
Intruder,tt0095379,31150.0,0
Cannibal Holocaust,tt0078935,8689.0,2000000
Blood Beach,tt0082083,37843.0,0
Christmas Evil,tt0081793,27230.0,0
Inseminoid,tt0084090,46364.0,0
Chopping Mall,tt0090837,28941.0,0
Demons,tt0089013,14029.0,0
Running Hot,tt0088025,88338.0,0
Demons 2,tt0090930,40342.0,0
A Breed Apart,tt0087001,96404.0,0
Trances,tt0406280,215407.0,0
The Brave Little Toaster,tt0092695,19933.0,2300000
Dead & Buried,tt0082242,24274.0,216166
Rock 'n' Roll Nightmare,tt0093873,36762.0,0
The Emperor's Naked Army Marches On,tt0092963,51929.0,0
Creature,tt0088961,58903.0,0
Meet the Feebles,tt0097858,8216.0,0
The Prowler,tt0082951,44247.0,0
Chillers,tt0092750,97971.0,0
The Church,tt0094860,40364.0,0
Bride of Re-Animator,tt0099180,18111.0,0
Basket Case,tt0083624,27813.0,0
Sole Survivor,tt0181012,29611.0,0
BMX Bandits,tt0085204,17381.0,0
Ms .45,tt0082776,22171.0,0
De vlaschaard,tt0086553,63044.0,0
Mio in the Land of Faraway,tt0093543,14499.0,2300000
Elvis and Me,tt0095089,23178.0,0
The Librarian: Return to King Solomon's Mines,tt0455596,14208.0,0
Armour of God,tt0091431,10974.0,16000000
Twinkle Twinkle Lucky Stars,tt0090342,18707.0,0
Fitzcarraldo,tt0083946,9343.0,0
Rough Cut,tt1345734,17593.0,0
The Kiss,tt0139738,94570.0,0
Galaxina,tt0080771,33155.0,4865000
Cameron's Closet,tt0097008,59735.0,136203
Felix the Cat: The Movie,tt0259308,36523.0,1964253
Cherry 2000,tt0092746,15785.0,14000
Martial Arts of Shaolin,tt0091607,37032.0,0
Moonwalker,tt0095655,13192.0,67000000
Lion of the Desert,tt0081059,26843.0,1502136
Shaka Zulu,tt0086798,75926.0,0
Juha,tt0158692,55257.0,0
Absence of the Good,tt0198279,53882.0,0
Cannibal! The Musical,tt0115819,13063.0,0
Running Time,tt0120042,81048.0,1596
Bullet in the Head,tt0099426,11909.0,0
Dingo,tt0104109,66634.0,300000
Loaded,tt0893406,14607.0,0
Loose Cannons,tt1405810,40794.0,8220215
Night of the Demons 2,tt0110667,24925.0,0
A Gun for Jennifer,tt0160339,129311.0,0
Robinson in Space,tt0120028,54838.0,0
Just Looking,tt0162236,100975.0,0
Embrace of the Vampire,tt0109723,18392.0,0
Revolutionary Girl Utena: The Movie,tt0243558,19738.0,0
Wishmaster 2: Evil Never Dies,tt0156182,12594.0,0
Werewolf,tt0118137,87874.0,0
Puerto Escondido,tt0105188,46028.0,0
From Dusk Till Dawn 3: The Hangman's Daughter,tt0120695,10213.0,9617
Amarkalam,tt0984177,69427.0,500000
Habit,tt0113241,28671.0,0
Leather Jacket Love Story,tt0119508,188870.0,0
Puppet Master II,tt0100438,26954.0,0
The Delivery,tt0159603,55069.0,0
Three Lives and Only One Death,tt0117968,55049.0,0
Dad Savage,tt0118915,75579.0,0
Cyberjack,tt0112763,2072.0,0
Basket Case 2,tt0099108,27815.0,0
Changing Habits,tt0115865,114776.0,0
Short Sharp Shock,tt0162426,407.0,0
Roadracers,tt0111002,26682.0,0
Ringu,tt0178868,2671.0,19400000
Anjali,tt0099043,223365.0,0
"Ryaba, My Chicken",tt0110289,159479.0,4635143
Carnival of Souls,tt0055830,16093.0,0
The Match Factory Girl,tt0098532,7974.0,0
Demon Wind,tt0099401,58899.0,0
The Dentist,tt0116075,9568.0,0
Lush Life,tt0107464,55144.0,0
The Demolitionist,tt0112843,89904.0,0
The Oak,tt0103969,41678.0,0
The Tough Ones,tt0075152,52808.0,0
The Immortals,tt0113394,29231.0,83
Witchcraft II: The Temptress,tt0100943,84951.0,0
Sara,tt0120066,61999.0,0
Bad Boy Bubby,tt0106341,14135.0,0
After the Rain,tt0181960,15319.0,0
Whispering Corridors,tt0241073,40254.0,0
Begotten,tt0101420,1483.0,0
Aasai,tt0377321,69422.0,500000
Squeeze,tt0117724,49235.0,10300
Bells from the Deep: Faith and Superstition in Russia,tt0106384,102691.0,0
Return with Honor,tt0176093,56235.0,0
Maniac Cop 2,tt0100107,28090.0,0
Ticks,tt0108339,34098.0,0
Doctor Mordrid,tt0104115,1877.0,0
Hard Boiled,tt0104684,11782.0,0
Kadhal Kottai,tt0984202,69423.0,500000
Esa ja Vesa - auringonlaskun ratsastajat,tt0109744,173865.0,0
Mindwarp,tt0100152,45779.0,0
Satantango,tt0111341,31414.0,0
Rangeela,tt0114234,21570.0,14000000
The Unknown Cyclist,tt0120417,273341.0,0
A Nymphoid Barbarian in Dinosaur Hell,tt0102569,31647.0,0
Dying of Laughter,tt0168080,57544.0,0
Fortress 2: Re-Entry,tt0179183,11119.0,0
Fist of the North Star,tt0142371,19877.0,18000000
Joan of Arc,tt0178145,11944.0,0
Godzilla vs. SpaceGodzilla,tt0109916,39466.0,20000000
The Surgeon,tt0109761,133339.0,0
Captain America,tt0103923,13995.0,0
"Honey, We Shrunk Ourselves!",tt0119310,11425.0,0
Abraham,tt0109036,2701.0,0
Once Upon a Time in China and America,tt0120530,10620.0,0
Overnight Delivery,tt0117276,25723.0,0
The Hunters,tt0116736,16003.0,0
Camilla,tt0109368,79783.0,250993
Theodore Rex,tt0114658,36259.0,0
The Stand,tt0108941,13519.0,0
Animal Farm,tt0047834,11848.0,0
Snow White: A Tale of Terror,tt0119227,9092.0,0
The Barber of Siberia,tt0120125,51300.0,0
Solar Crisis,tt0100649,2102.0,0
The Hexer,tt0300657,57278.0,0
Find Love,tt0443507,46891.0,0
Second Skin,tt0232611,171229.0,0
2:13,tt1002561,39303.0,0
A Moment to Remember,tt0428870,15859.0,0
Babysitters Beware,tt1172997,58832.0,0
Margaret Thatcher: The Long Walk to Finchley,tt1067578,85788.0,0
Big Buck Bunny,tt1254207,10378.0,0
Fall from Grace,tt0977649,66110.0,0
Mugavari,tt1388441,69404.0,0
Ryna,tt0449642,89309.0,0
The Art of Travel,tt0448993,18175.0,0
Single White Female 2: The Psycho,tt0448120,35683.0,0
Quiet Flows the Don,tt0051082,109991.0,0
Mechenosets,tt0477337,63838.0,3919731
A Dog's Breakfast,tt0796314,18632.0,0
One Nine Nine Four,tt1002573,97310.0,0
After Image,tt0157007,154105.0,0
Naked Ambition: An R Rated Look at an X Rated Industry,tt1404702,56325.0,0
The Assailant,tt1322277,23854.0,0
The Legend of Bloody Mary,tt1190074,60965.0,0
Battle Royale,tt0266308,3176.0,30600000
Heavens Fall,tt0425094,34898.0,0
Ring of Darkness,tt0372803,28684.0,0
Replica,tt0374170,434510.0,0
Angels Don't Sleep Here,tt0241183,278111.0,0
Lost Signal,tt0495042,56860.0,0
The Devil Dared Me To,tt0970529,17303.0,0
Artois the Goat,tt1292643,51290.0,0
The Skulls II,tt0278723,8460.0,0
Purple Violets,tt0491109,20065.0,0
Righteous Ties,tt0891488,55765.0,0
Mary and Max,tt0978762,24238.0,1740429
Mother of Mine,tt0343221,32990.0,2851888
"Lord, Save Us from Your Followers",tt1237900,42910.0,0
Kandukondain Kandukondain,tt0242572,69426.0,500000
Anotherworld,tt1159200,96306.0,0
Speed & Angels,tt1112756,56745.0,0
Imagination,tt0970519,70656.0,0
Kidulthood,tt0435680,13185.0,165000
Header,tt0861350,46548.0,0
Amateur Porn Star Killer,tt0772152,35733.0,0
Popular Music,tt0314524,442.0,28000000
Grizzly Rage,tt0896816,30641.0,0
Addictions and Subtractions,tt0265825,258450.0,0
Max Manus: Man of War,tt1029235,13752.0,0
Dracula III: Legacy,tt0303929,10579.0,0
No Mercy for the Rude,tt0856052,43987.0,0
Recep Ivedik,tt1193516,31060.0,28548025
Stay Cool,tt1235807,11388.0,0
Hellraiser: Hellseeker,tt0274546,11246.0,0
Istanbul Tales,tt0421625,30633.0,0
They Nest,tt0221633,40249.0,0
Platon,tt1202532,71322.0,5129300
The Life of Buddha,tt1039902,68365.0,0
Sexual Predator,tt0261014,65364.0,0
Black Water,tt0816436,14138.0,1271556
Ploy,tt0993778,14234.0,0
The Thirsting,tt0765481,27696.0,0
Chainsaw Sally,tt0385592,30385.0,0
Stark Raving Mad,tt0286152,14809.0,0
Checking Out,tt0417532,54625.0,0
Pop Skull,tt1110059,27671.0,0
High Plains Invaders,tt1388432,36139.0,0
Red Canyon,tt1064801,40599.0,0
The Learning Curve,tt0219126,57743.0,0
Lie with Me,tt0418832,14174.0,0
Go Go Tales,tt0393329,50318.0,907456
Prince Among Slaves,tt0852992,309579.0,0
Speak,tt0378793,15058.0,0
Legendary Assassin,tt1236370,26010.0,0
Phileine Says Sorry,tt0314502,24285.0,0
Chill,tt0862892,52685.0,0
Malibu Shark Attack,tt1478325,53080.0,0
Prime Mover,tt1156396,123846.0,0
Decoys 2: Alien Seduction,tt0400347,18443.0,0
August Underground's Mordum,tt0410332,24837.0,0
Blood Night: The Legend of Mary Hatchet,tt1161404,47194.0,0
Wolves in the Snow,tt0312612,55012.0,0
Breaking the Maya Code,tt0496253,57000.0,0
Dead End Road,tt0439532,239628.0,0
Trailer Park Boys: Countdown to Liquor Day,tt1337032,27561.0,0
Gacy,tt0330181,27387.0,0
Blue Gold: World Water Wars,tt1137439,18046.0,0
California Dreamin',tt0449573,24220.0,0
The Breath,tt1171701,27957.0,13500000
Dagon,tt0264508,10836.0,0
Next Door,tt0453383,572.0,0
Head Trauma,tt0439194,50317.0,0
Company,tt0296574,15761.0,6000000
Elsewhere,tt0874271,28891.0,0
Batman: Gotham Knight,tt1117563,13851.0,0
The Pornographer,tt0262699,15915.0,126
Keep Your Distance,tt0337656,47540.0,0
Azzurro,tt0256627,54627.0,0
The Kid & I,tt0416891,64972.0,0
Allan Quatermain and the Temple of Skulls,tt1219671,14103.0,0
2001 Maniacs,tt0264323,10845.0,0
Breaking Point,tt0965375,32005.0,0
Make-Out with Violence,tt1284485,51122.0,0
Ip Man,tt1220719,14756.0,22100000
Camille,tt0028683,43874.0,0
Intimate Affairs,tt0243991,47237.0,0
Rain Fall,tt1206086,27944.0,0
The Badge,tt0286493,2091.0,0
Natural City,tt0378428,14573.0,0
Evilenko,tt0406754,46342.0,0
"The Tulse Luper Suitcases, Part 1: The Moab Story",tt0307596,3097.0,25800
Wendy Wu: Homecoming Warrior,tt0790781,61717.0,0
Welcome to the Sticks,tt1064932,8265.0,245144417
The Devil's Tomb,tt1147687,17577.0,0
Amusement,tt0476958,13803.0,170255
Cabin Fever 2: Spring Fever,tt0961722,28739.0,0
Open Graves,tt0870937,28499.0,0
Joe and Max,tt0281938,111744.0,0
The Magic Roundabout,tt0339334,16455.0,19273524
Bruno,tt0123003,95136.0,0
100 Feet,tt0899128,14098.0,1415804
The Curse of King Tut's Tomb,tt0464799,15056.0,0
Edges of the Lord,tt0245090,48130.0,0
Bachelor Party 2: The Last Temptation,tt0954541,14503.0,0
Godzilla vs. Megaguirus,tt0255198,39468.0,11068800
Chain of Fools,tt0194368,20682.0,0
Green Street Hooligans 2,tt1300853,15809.0,0
Triangle,tt1187064,26466.0,1594955
Walkout,tt0452703,93511.0,0
Chaos,tt0402910,5289.0,7000000
A Little Trip to Heaven,tt0420740,15124.0,0
Dragon Hunters,tt0944834,10800.0,12235843
House of the Dead 2,tt0435665,29293.0,0
Connected,tt1156506,19611.0,0
Flight of Fury,tt0783518,24351.0,0
It's Alive,tt0071675,28153.0,7100000
The Wave,tt1063669,7735.0,32350637
Adam Resurrected,tt0479341,18516.0,0
Stargate: Continuum,tt0929629,12914.0,0
The Last Trapper,tt0395514,13678.0,0
Out of Reach,tt0377100,36272.0,0
Merlin's Apprentice,tt0463826,18202.0,0
10.5,tt0364146,53870.0,0
Out for a Kill,tt0323531,30806.0,547333
On the Edge,tt0221559,80070.0,0
Trick 'r Treat,tt0862856,23202.0,27909
Assassination of a High School President,tt1018818,18176.0,69564
Incendiary,tt0984200,15705.0,0
The Big White,tt0402850,9968.0,541840
Godzilla Against Mechagodzilla,tt0314111,12636.0,16000000
Empire of the Wolves,tt0402158,10799.0,11875866
A Matador's Mistress,tt0491046,45127.0,0
Far Cry,tt0400426,7916.0,743
Ripley's Game,tt0265651,10955.0,6200000
Goodbye Bafana,tt0438859,1874.0,0
Closing the Ring,tt0488380,13957.0,0
Band of Brothers,tt0185906,331214.0,0
Monsters vs Aliens: Mutant Pumpkins from Outer Space,tt1482967,53985.0,0
Adulterers,tt4044464,376004.0,0
Tour de Force,tt3273636,285025.0,0
Cyborg X,tt3899262,397873.0,0
Mr. Hush,tt1640220,123389.0,0
Cougars Inc.,tt1198075,60302.0,0
Wedding Day,tt1562918,296472.0,0
What the Day Owes the Night,tt1934205,119193.0,0
Lapland Odyssey 2,tt3697946,366249.0,0
Rogue River,tt1560978,79550.0,0
Cupid's Balls,tt1695763,63447.0,0
State of Emergency,tt1705134,136476.0,0
The Kick,tt2020110,82469.0,517069
Zero 2,tt1592292,36618.0,0
Our Lovers,tt4631532,381707.0,0
Adolf Hitler: The Greatest Story Never Told,tt3526810,250880.0,0
Cruel Will,tt1870543,273856.0,0
Hannibal Buress: Live from Chicago,tt3596842,262199.0,0
Karbala,tt5049636,361597.0,0
In Your Eyes,tt2101569,226448.0,0
I Am I,tt1825806,80327.0,0
Kalamity,tt1109594,59111.0,0
Comment c'est loin,tt4576612,366564.0,0
Bones Brigade: An Autobiography,tt2129928,84179.0,0
My Girlfriend's Boyfriend,tt1447793,46198.0,0
The Kill Hole,tt1727373,100540.0,0
Drone,tt5352846,452068.0,0
Skinning,tt1129437,57186.0,288512
Nessuno mi pettina bene come il vento,tt3608766,264454.0,0
ThanksKilling 3,tt2106675,140750.0,0
French Women,tt3098306,273169.0,12058187
Princess and the Pony,tt1757944,55190.0,0
Lady of Csejte,tt2947556,325039.0,0
The Perfect Human Diet,tt2014248,117102.0,0
Reach Me,tt0959306,251994.0,0
12 Rounds 2: Reloaded,tt2317524,195269.0,0
The Baytown Outlaws,tt1836944,81446.0,37470
The King of Pigs,tt2086830,91088.0,13
Brothers of War,tt2942196,352539.0,0
Riley Rewind,tt2944454,232100.0,0
I Believe in Miracles,tt5098836,363683.0,0
The Adonis Factor,tt1563778,97724.0,0
Only for One Night,tt5505722,450768.0,0
Identical,tt1748051,118397.0,0
Donner Pass,tt1626139,84742.0,0
Lake Bodom,tt3743042,369202.0,0
Purge,tt1714205,135225.0,0
Antiviral,tt2099556,125490.0,0
Panjaa,tt2091384,80539.0,0
Justice League: War,tt3060952,217993.0,5155325
Dirty Lies,tt3449322,385031.0,0
Bullet,tt0115781,14469.0,0
Eat Locals,tt4401006,412758.0,0
The Scorpion King 3: Battle for Redemption,tt1781896,78049.0,0
Samurai Cop 2: Deadly Vengeance,tt3398252,284460.0,0
Memory Lane,tt1980185,78339.0,0
Julia X,tt1533058,84228.0,0
"Batman: The Dark Knight Returns, Part 2",tt2166834,142061.0,0
The Swedish Moment,tt3435570,300487.0,0
Fear Clinic,tt2165765,287524.0,0
F.C. De Kampioenen: Kampioen zijn blijft plezant,tt2671776,201386.0,7471304
Mysteries of Lisbon,tt1236371,57403.0,0
It Was the Son,tt1891788,121998.0,1073326
The Kingdom of Solomon,tt1706450,153779.0,0
Action Hero Biju,tt5320514,381374.0,2500000
The Last Light,tt2375443,273743.0,0
Unexpected Journey,tt5822160,439695.0,0
In the Dark Half,tt1764645,124501.0,0
The Avenue,tt6174392,443053.0,0
Ocean Heaven,tt1498858,54328.0,0
The Pig Farm,tt1345505,211220.0,0
The Redwood Massacre,tt3242756,339992.0,0
Werewolf: The Beast Among Us,tt1987028,132137.0,0
Miss Meadows,tt3128900,261037.0,0
Little Wing,tt4636254,408203.0,0
Lost Boys: The Thirst,tt1400526,46812.0,0
Redistributors,tt3907206,416086.0,0
Green Lantern: Emerald Knights,tt1683043,65291.0,0
Small Apartments,tt1272886,95755.0,0
Outpost: Black Sun,tt1418712,100183.0,0
Raspberry Boat Refugee,tt2965842,293491.0,0
Quarantine L.A.,tt2536086,184710.0,0
Dream Team 1935,tt2516280,144331.0,0
SWAT: Unit 887,tt3515632,359471.0,0
Moomins on the Riviera,tt2371399,293271.0,2200510
Refuge,tt2292196,180095.0,0
Confessions of a Brazilian Call Girl,tt1587828,58235.0,0
Goddess,tt1860238,179340.0,0
1944,tt3213684,321303.0,0
Any Questions for Ben?,tt1735839,88478.0,0
The Ultimate Accessory,tt2319018,225564.0,0
What the Health,tt5541848,415086.0,0
Handsome Devil,tt5016946,412202.0,0
October 1,tt3206616,325803.0,0
Bronies: The Extremely Unexpected Adult Fans of My Little Pony,tt2446192,160220.0,0
To Write Love on Her Arms,tt1850418,75861.0,0
Hell and Mr. Fudge,tt1966465,241739.0,0
Banking on Bitcoin,tt5033790,427451.0,0
F,tt1486670,53459.0,0
Devil's Bride,tt4771956,408194.0,0
The Childhood of a Leader,tt2815902,330982.0,0
TimeScapes,tt2297031,112162.0,0
Livid,tt1727516,83900.0,0
Miss Representation,tt1784538,77801.0,0
The Mighty Angel,tt2521188,251584.0,0
The Mother of Invention,tt1274589,140489.0,0
Motivational Growth,tt1754228,224946.0,0
11 Minutes,tt3865478,314371.0,0
Silenced,tt2070649,81481.0,31500000
The Dynamiter,tt1738366,85657.0,0
Something Wicked,tt1327601,260947.0,0
Admiral,tt1101026,13506.0,38135878
Columbus Circle,tt1465533,92000.0,0
Yennai Arindhaal,tt4258292,300983.0,16000000
22 Minutes,tt2856896,271234.0,0
Arsenal,tt5580536,388202.0,0
Mascots,tt4936176,368993.0,0
LOL,tt1592873,80271.0,10500000
Hisss,tt1244093,47655.0,0
Sacrifice,tt2078718,394661.0,0
The Games Maker,tt2766268,262788.0,5205106
Mrs. Brown's Boys D'Movie,tt3433074,262340.0,23000000
Sharktopus vs. Whalewolf,tt3292154,344147.0,0
The Hunter's Prayer,tt2674358,302150.0,0
Bad Asses on the Bayou,tt3525346,309887.0,0
I Am Wrath,tt3212232,332411.0,0
Posti in piedi in paradiso,tt1846985,93855.0,9303603
Attraction,tt4731148,401513.0,19454845
Love in Disguise,tt1646214,49704.0,0
Realive,tt4074928,399612.0,0
Hamilton: In the Interest of the Nation,tt1856014,82450.0,8249053
Security,tt3501112,460846.0,0
Snowtime!,tt5143700,366656.0,0
The Tall Man,tt1658837,86597.0,0
The Invisible Boy,tt3078296,303542.0,5216102
American Heist,tt2923316,250066.0,0
In Dubious Battle,tt4411618,337844.0,213982
Operações Especiais,tt4058210,363925.0,0
7 Below,tt1988781,84577.0,0
The Letter,tt0032701,17801.0,0
The Reunion,tt2402091,202573.0,0
Adventures in Zambezia,tt1488181,133931.0,0
Vishwaroopam,tt2199711,117319.0,51000000
Veeram,tt3320578,247504.0,19000000
Blue Crush 2,tt1630626,58443.0,0
Re-Kill,tt1612319,106845.0,0
The Prince,tt1085492,241254.0,1289595
Warsaw 44,tt3765326,293982.0,0
Fog in August,tt4250566,380075.0,0
Tad: The Lost Explorer,tt1764625,121734.0,23000000
Freelancers,tt1815708,122800.0,0
Swelter,tt2112277,256687.0,0
The Ward,tt1369706,45657.0,5343820
Drift,tt1714833,137968.0,0
One Man and His Cow,tt4505208,377799.0,0
7aum Arivu,tt1725795,86718.0,98900000
Just Call Me Nobody,tt1825731,58365.0,0
Careful What You Wish For,tt1629242,317744.0,0
Generation War,tt1883092,178446.0,0
Kickboxer: Vengeance,tt3082898,308529.0,0
Misconduct,tt3658772,373314.0,2049761
Special 26,tt2377938,165904.0,18000000
Forsaken,tt2271563,354110.0,0
Faces in the Crowd,tt1536410,70577.0,0
Halo 4: Forward Unto Dawn,tt2262308,119431.0,0
Saving Santa,tt2204315,238302.0,0
Dead in Tombstone,tt2268419,151933.0,0
Laurence Anyways,tt1650048,110160.0,0
Automata,tt1971325,262543.0,6237990
Straight A's,tt2024506,153795.0,61669
Into the Grizzly Maze,tt1694021,244316.0,0
The Coming Days,tt1545985,63077.0,0
Twixt,tt1756851,78381.0,647839
Chinese Zodiac,tt1424310,98567.0,171300000
Bait,tt1438173,118957.0,32500000
Underdogs,tt1634003,153158.0,32768940
Shanghai,tt2072227,100681.0,4900000
Foodfight!,tt0249516,116977.0,73706
Little Big Soldier,tt1319718,35138.0,0
HOUBA! On the Trail of the Marsupilami,tt1723642,102207.0,50100000
Get the Gringo,tt1567609,80389.0,8826837
Pink,tt5571734,415358.0,15020702
Grace of Monaco,tt2095649,215211.0,26576000
The Physician,tt2101473,169881.0,57300000
Sunstroke,tt4119030,301016.0,0
Dark Tide,tt1507563,59963.0,432274
Wild Card,tt2231253,265208.0,6738764
The Factory,tt1132285,136911.0,0
Dragon Nest: Warriors' Dawn,tt2911342,257932.0,0
The Pacific,tt0374463,189197.0,0
Pokémon the Movie: Hoopa and the Clash of Ages,tt4503906,350499.0,21815482
Double Wedding,tt0028804,20642.0,0
Dig Two Graves,tt2633076,326420.0,0
The Seamstress,tt1326260,22745.0,0
Next Floor,tt1255891,99343.0,0
Sniper: Special Ops,tt5344794,394223.0,0
West Bank Story,tt0438575,31073.0,0
Agent F.O.X.,tt3897080,276678.0,0
Mr. Hublot,tt3043542,234862.0,0
Pieces of Talent,tt2098781,216203.0,0
Grumpy Cat's Worst Christmas Ever,tt3801438,300441.0,0
Devour,tt0406706,14147.0,0
Adam and Dog,tt2162565,157301.0,0
Distant Thunder,tt0069737,113012.0,0
Devil in the Flesh 2,tt0217086,45511.0,0
Nothing Personal,tt1320352,45806.0,0
Finding Truelove,tt2281239,105702.0,0
"Murder, She Baked: A Deadly Recipe",tt5673202,392629.0,0
Evil Behind You,tt0457342,134890.0,0
Christmas Angel,tt1369647,50454.0,0
"Signed, Sealed, Delivered for Christmas",tt4065336,308686.0,0
American Pie Presents: The Naked Mile,tt0808146,8275.0,0
Visions of Frank,tt1409611,268380.0,0
Good People,tt1361318,262338.0,1857574
8,tt1592502,231762.0,0
Cambio de ruta,tt2329188,267802.0,959576
Full Speed,tt4993964,382598.0,7268779
Thunder Alley,tt0090168,52894.0,0
Dil Chahta Hai,tt0292490,14752.0,4099000
Sonja and the Bull,tt2249542,170898.0,0
The Road Killers,tt0110999,106968.0,0
Premachi Goshta,tt2878406,191112.0,0
After Porn Ends 2,tt5168832,440249.0,0
The Forger,tt2376218,255157.0,0
Car Trouble,tt0088883,350566.0,0
Havenhurst,tt3424690,403368.0,0
Bhoot Unkle,tt0897413,316840.0,0
The Suicide Shop,tt1655413,118293.0,2514478
Two Sons of Francisco,tt0439547,49367.0,0
The Thing: Terror Takes Shape,tt0376921,92171.0,0
Legion of the Dead,tt0213802,11629.0,0
FernGully 2: The Magical Rescue,tt0129924,18948.0,0
Naina,tt0443594,15978.0,0
Hangar 18,tt0080836,54287.0,6000000
VIPs,tt1235548,70666.0,3554533
Cold Fish,tt1632547,68341.0,0
Survival Island,tt0377309,9753.0,0
It's Such a Beautiful Day,tt2078648,86517.0,0
Is It Easy to Be Young?,tt0126711,121749.0,0
The Man I Love,tt0038721,26663.0,0
Meat the Truth,tt1341746,72123.0,0
Collaborator,tt1555058,107753.0,0
The Terror Within II,tt0100765,119353.0,0
Bridegroom,tt2357788,174366.0,0
Odette Toulemonde,tt0486636,4171.0,0
What Happened to Monday,tt1536537,406990.0,27975429
Merry Kissmas,tt5210380,369058.0,0
Student Services,tt1570970,65496.0,0
No Men Beyond This Point,tt2556936,318054.0,0
S.W.A.T.: Firefight,tt1621429,54445.0,0
Saving Lincoln,tt2034098,161187.0,0
Grim Reaper,tt0903622,34784.0,0
Love Affair,tt0031593,43739.0,0
Dorothy Mills,tt1034306,15741.0,0
A Night Full of Rain,tt0077548,142358.0,0
Kappen!,tt5112054,427095.0,0
Dog Eat Dog,tt4054654,354979.0,184404
Ossos,tt0119844,55700.0,0
White Frog,tt1967697,192623.0,0
All the Wrong Reasons,tt1568799,212747.0,0
"Manta, Manta",tt0102397,1915.0,0
Vidocq,tt0164961,9597.0,13240767
Blessed and Cursed,tt1592247,74579.0,0
Monster High: Electrified,tt6536944,447113.0,0
Batman & Bill,tt6067832,456348.0,0
The Empire of Corpses,tt4235644,342588.0,0
What Happened Was...,tt0111689,83718.0,0
Goats,tt1577052,84203.0,0
When Strangers Appear,tt0243554,73952.0,0
A Fighting Man,tt2854894,227325.0,0
Fab Five: The Texas Cheerleader Scandal,tt1191113,37432.0,0
My Way: The Rise and Fall of Silvio Berlusconi,tt5159024,436769.0,0
All About Anna,tt0349080,16048.0,0
Three Days,tt0301935,63809.0,0
The Thompsons,tt1831806,128841.0,0
Pete Smalls Is Dead,tt1381413,72843.0,0
All American Orgy,tt1328909,46451.0,0
Troublemakers,tt0109321,9287.0,0
Acacia,tt0380164,37284.0,0
The Broken Tower,tt1756791,83728.0,0
A Month of Sundays,tt4338434,358912.0,0
Alligator,tt0080354,33518.0,0
Frits and Freddy,tt1678044,56950.0,0
Lilla Jönssonligan och cornflakeskuppen,tt0116883,54257.0,0
Shadow Run,tt0133197,112767.0,0
American Wrestler: The Wizard,tt4303202,431261.0,0
Colin Quinn: The New York Story,tt6257714,425003.0,0
First Flight,tt0783521,118251.0,0
Cold Prey III,tt1464535,56937.0,2439448
I Love You Too,tt1376709,46660.0,0
Dark Corners,tt0485376,21927.0,0
According to Spencer,tt0272440,51167.0,0
Ozzie,tt0280000,159201.0,0
The Midnight After,tt3504824,254526.0,0
Tomorrow I'll Wake Up and Scald Myself with Tea,tt0213322,51424.0,0
Votez Bougon,tt5792762,430058.0,0
Bad Ass,tt1928330,94380.0,0
Robinson Crusoe,tt0117496,11210.0,183886
"Il tifoso, l'arbitro e il calciatore",tt0086438,121510.0,0
Restart,tt0423061,376934.0,0
Message to Love: The Isle of Wight Festival,tt0117028,74239.0,0
House IV,tt0104449,52868.0,0
Fighter Pilot: Operation Red Flag,tt0353168,15089.0,30000000
Hansel & Gretel: Warriors of Witchcraft,tt2381962,161782.0,0
All About Them,tt3817962,299715.0,0
Pass Thru,tt5445074,373841.0,0
12 Gifts of Christmas,tt5133810,363483.0,0
Office,tt4682562,336055.0,0
China Dolls,tt0105551,172760.0,0
Senior Skip Day,tt0849470,20066.0,0
Mickey,tt0009369,54242.0,8000000
Don't Answer the Phone!,tt0080645,40102.0,0
Above and Below,tt3249414,316883.0,0
Banana Pancakes and the Children of Sticky Rice,tt4372118,317988.0,0
The Final Master,tt4851640,377823.0,0
What the Deaf Man Heard,tt0120498,57479.0,0
I Saw Mommy Kissing Santa Claus,tt0282589,36427.0,0
Fuga de cerebros 2,tt1861334,80105.0,0
DreamKeeper,tt0309150,55534.0,0
The Demoniacs,tt0070013,29130.0,0
Suite 16,tt0114577,47587.0,0
Rembrandt,tt0345853,11196.0,59466
Dead Time,tt0946998,39023.0,0
The Trench,tt0161010,27123.0,0
Butley,tt0071260,118121.0,0
The Liability,tt2081437,162145.0,0
The Scarlet and the Black,tt0086251,44691.0,0
Parole de flic,tt0089776,170033.0,0
The Other Me,tt5221894,421365.0,371528
In the Room,tt4076164,355998.0,0
Alma,tt1490530,31160.0,0
A Garfield Christmas Special,tt0302596,13246.0,0
Avengers Confidential: Black Widow & Punisher,tt3482378,257346.0,0
Mood of the Day,tt5586914,376252.0,0
Bloodstone: Subspecies II,tt0106436,52017.0,0
Challenge of the Masters,tt0074300,26615.0,0
One Night Surprise,tt3013126,212640.0,0
Metal Skin,tt0110500,1481.0,0
After the Dark,tt1928340,198287.0,1770376
The Coast Guard,tt0341384,1416.0,0
Christmas on Mars,tt0363240,14089.0,0
Breaking All the Rules,tt0088848,44672.0,0
Bokeh,tt3722062,286538.0,0
Dead Europe,tt2091880,126862.0,0
Blind,tt2616810,245844.0,0
Our Brief Eternity,tt1542930,118762.0,0
The Secret Life of Zoey,tt0323495,98303.0,0
Profit Motive and the Whispering Wind,tt1158308,84925.0,0
Parole sante,tt1147760,58525.0,0
East Meets West,tt2091885,85502.0,0
Dugma: The Button,tt5945222,416390.0,0
The Last Will and Testament of Rosalind Leigh,tt2332831,106717.0,0
Used Parts,tt0990443,312101.0,0
Turtles Forever,tt1543920,34003.0,0
Arundhati,tt1361809,31629.0,14000000
Deadman Inferno,tt4146350,333072.0,0
Ricky Gervais: Out of England - The Stand-Up Special,tt1320293,13480.0,0
Scooby-Doo! WrestleMania Mystery,tt2337576,258893.0,0
Let It Shine,tt2165933,114955.0,0
Rocky VI,tt0091865,60375.0,0
Death Note Relight 2 - L's Successors,tt3355698,68555.0,0
St. George Shoots the Dragon,tt0906083,47435.0,0
Engeyum Eppodhum,tt2065924,79354.0,0
The Selling,tt1552214,81660.0,0
Symbol,tt1410261,42430.0,0
Nantucket Film Festival's Comedy Roundtable,tt2460746,157723.0,0
"Dana Carvey: Straight White Male, 60",tt6217368,423122.0,0
"Blood, Sweat and Fear",tt0308558,106622.0,0
Executive Protection,tt0220623,21040.0,0
An American Ghost Story,tt2241471,214990.0,0
Deep in the Valley,tt1078885,21862.0,0
Blinky Bill the Movie,tt3700456,339669.0,4634032
All This Mayhem,tt2938416,275657.0,0
Villa Amalia,tt1348327,44527.0,0
Dirty Ho,tt0079432,54182.0,0
One Hundredth of a Second,tt0882795,341445.0,0
Stranded,tt2268573,196830.0,0
Bare Knuckles,tt1063327,38746.0,0
Inevitable,tt2618936,257487.0,0
Body Count,tt0090788,30879.0,0
Samson and Delilah,tt0041838,29993.0,11500000
Lemonade,tt4192740,333886.0,0
Men in Hope,tt2051941,85621.0,6638849
The Man in the Glass Booth,tt0073345,48364.0,0
Scarlett,tt0108915,100490.0,0
Love Torn in a Dream,tt0252335,140101.0,0
Rated X,tt0201776,27859.0,0
The Battle of Chile: Part I,tt0072685,132144.0,0
The Defender,tt0402127,26125.0,0
Be Sure to Share,tt1454612,55008.0,0
Tales of a Golden Geisha,tt0098972,83183.0,0
Can I Do It 'Till I Need Glasses?,tt0075801,5800.0,0
Tactical Force,tt1458915,70008.0,0
"After Fall, Winter",tt1986204,83738.0,0
Paradise Found,tt0287624,206.0,0
2 Young,tt0457004,59444.0,0
Evidence,tt1828970,198210.0,0
Si può fare l'amore vestiti?,tt2557954,187238.0,0
Riki-Oh: The Story of Ricky,tt0102293,17467.0,0
At Risk,tt1492723,39446.0,0
Them Idiots Whirled Tour,tt2302925,102053.0,0
The Price of Sex,tt1734163,132912.0,0
Miami Golem,tt0093533,29607.0,0
I Belong,tt2377396,133411.0,0
Hit and Runway,tt0138493,168485.0,0
Spetters,tt0081547,40072.0,0
The President's Man: A Line in the Sand,tt0304584,36996.0,0
Scorned,tt2293750,242033.0,0
The Marriage Chronicles,tt2137376,91001.0,0
The Taiwan Oyster,tt2115420,132540.0,0
VANish,tt3058674,298032.0,0
Faith Like Potatoes,tt0850667,29697.0,0
The People vs. George Lucas,tt1325014,75311.0,0
The Walking Deceased,tt3499458,312793.0,0
California,tt0038392,111459.0,0
Catatan (Harian) Si Boy,tt2015332,260240.0,0
Me Too,tt2456536,127236.0,0
The Man Who Sued God,tt0268437,9648.0,0
Zen Noir,tt0407337,34100.0,0
Batch '81,tt0138317,56126.0,0
The Dark House,tt1485698,36142.0,0
Glass Chin,tt1714843,261818.0,0
The Spider Labyrinth,tt0095728,104308.0,0
Fatty Drives the Bus,tt0262411,143223.0,0
Chemerical Redefining Clean for a New Generation,tt1633329,111662.0,0
Castaway on the Moon,tt1499666,18438.0,0
Bix,tt0101460,64948.0,0
Brink!,tt0162212,15043.0,0
Lon Chaney: A Thousand Faces,tt0264804,197726.0,0
The Finest Hour,tt0101879,134390.0,0
Loves Her Gun,tt2091343,172824.0,0
The General,tt0017925,961.0,1000000
Gross Misconduct,tt0107046,151923.0,0
I guappi non si toccano,tt0079248,218772.0,0
James Dean Remembered,tt0489093,238397.0,0
Stalled,tt2140429,169644.0,0
Oliver's Story,tt0078024,163631.0,0
Prora,tt2128693,208556.0,0
Of Freaks and Men,tt0156849,84002.0,0
The Masked Thief,tt0071883,111697.0,0
Madras Cafe,tt2855648,215776.0,6500000
Hard Choices,tt0091170,328416.0,0
Bad Johnson,tt2091325,258805.0,0
Monster High: 13 Wishes,tt3159812,212470.0,0
Garage,tt0878674,18595.0,0
Autopsy,tt0443435,16921.0,0
Hearts of the West,tt0073096,84259.0,1600000
Galaxy Express 999,tt0080772,15227.0,0
Veranda för en tenor,tt0120880,229254.0,0
The Girl,tt2132485,133557.0,0
Hush,tt5022702,376570.0,0
Trivisa,tt4379800,380762.0,1180360
Becoming Warren Buffett,tt6438096,438137.0,0
Shelter Island,tt0337717,38553.0,0
With This Ring,tt3908634,321160.0,0
My Name Is Ki,tt2004270,112531.0,0
Rey Gitano,tt3902698,332354.0,0
Accused at 17,tt1480649,42554.0,0
Ruin Explorers,tt0246901,294574.0,0
The Leaning Tower,tt0807952,38944.0,0
Shirley: Visions of Reality,tt2636806,206277.0,0
Sheila Levine Is Dead and Living in New York,tt0073698,253112.0,0
While She Was Out,tt0887971,15749.0,498088
The Ceremony,tt0066639,94466.0,0
12th & Delaware,tt1548865,44806.0,0
Banklady,tt1798108,228736.0,0
Dust in the Wind,tt0091406,45996.0,0
Logan's War: Bound by Honor,tt0176943,38202.0,0
Zoombies,tt5340882,385320.0,0
Legend of the Eight Samurai,tt0086244,47578.0,0
Hollywood North,tt0337640,54583.0,0
Son of the White Mare,tt0083931,41077.0,0
The Seat Filler,tt0379487,50220.0,0
Diet of Sex,tt3094816,324230.0,0
Aayitha Ezhuthu,tt0375571,63825.0,0
Titli,tt3019620,266038.0,0
The Scapegoat,tt2084977,139463.0,0
Bad Night,tt4437046,348499.0,0
San Francisco 2.0,tt5074414,362077.0,0
Filthy Gorgeous: The Bob Guccione Story,tt2520096,211085.0,0
Must Have Been Love,tt2275861,161529.0,0
The Premonition,tt0075097,139349.0,0
Stuart Little 3: Call of the Wild,tt0472602,30178.0,0
The Conquerors,tt0022778,247780.0,0
Little Black Spiders,tt2123996,139270.0,0
Prairie Love,tt1374996,93556.0,0
Journey to Space,tt4292554,325263.0,0
LOL (Laughing Out Loud),tt1194616,21861.0,31451622
Martian Successor Nadesico - The Motion Picture: Prince of Darkness,tt0407924,36613.0,0
Yeh Raaste Hain Pyaar Ke,tt0292740,305819.0,0
Dakota Skye,tt0907848,20513.0,0
Confessions of an Eco-Terrorist,tt1720073,57088.0,0
Royal Deceit,tt0110891,48791.0,0
Kamikaze,tt1928200,229194.0,0
Torno a vivere da solo,tt1233578,120922.0,0
Life Eternal,tt3642618,277967.0,0
A Curtain Raiser,tt0783849,27208.0,0
Milton's Secret,tt2806390,410694.0,0
112 Weddings,tt2290067,262390.0,0
The Linguists,tt1172995,71591.0,0
Dragon Age: Dawn of the Seeker,tt1709652,103173.0,0
The Mysterious Geographic Explorations of Jasper Morello,tt0469146,52762.0,0
Luxo Jr.,tt0091455,13925.0,0
Karlsson on the Roof,tt0073227,30576.0,606162
Liberty Kid,tt0850307,170094.0,0
The Pervert's Guide to Cinema,tt0828154,34283.0,0
Russell Brand from Addiction to Recovery,tt2626962,234931.0,0
Devolved,tt1297925,60447.0,0
Bodysong,tt0349154,24398.0,0
Age of Heroes,tt1590950,38540.0,0
"All Governments Lie: Truth, Deception, and the Spirit of I.F. Stone",tt5937962,410205.0,0
Girls Lost,tt4425152,356218.0,0
Inside the X Files,tt0237335,241170.0,0
From the Clouds to the Resistance,tt0079023,87415.0,0
Nerdland,tt5574372,389627.0,0
Confine,tt2214913,167919.0,0
100 Days with Mr. Arrogant,tt0395677,16632.0,0
Life is All You Get,tt0119510,10018.0,0
Vai que Cola: O Filme,tt4694404,303982.0,0
Virtual Combat,tt0113220,83288.0,0
Human Highway,tt0084099,70011.0,0
We Are the Nobles,tt2222394,180147.0,26433651
Teacher of the Year,tt2076346,297362.0,0
See You Next Tuesday,tt2520394,189277.0,0
Surplus: Terrorized Into Being Consumers,tt0368314,39179.0,0
Isolation,tt0446719,25967.0,0
Sherlock Holmes: Incident at Victoria Falls,tt0102115,79106.0,0
Richard The Lionheart,tt2396200,188357.0,0
Mio cognato,tt0378361,59046.0,0
Lost Islands,tt1210351,16019.0,0
Tirano Banderas,tt0108344,189291.0,0
Kyaa Kool Hai Hum,tt0456500,22429.0,0
Top Floor Left Wing,tt1509842,162374.0,0
Reincarnated,tt2312602,123431.0,0
Matti: Hell Is for Heroes,tt0390245,29040.0,0
FrackNation,tt2609156,157674.0,0
Greetings from Fukushima,tt4667788,377852.0,0
Message from Space,tt0078435,54160.0,0
La matassa,tt1409836,53957.0,0
Classroom 6,tt2609998,286367.0,0
Mushrooming,tt2239512,128135.0,0
+1,tt2395385,176068.0,0
Jeff Foxworthy & Larry the Cable Guy: We've Been Thinking,tt5571712,410965.0,0
Barricade,tt1861279,134394.0,0
George Carlin: Life Is Worth Losing,tt0484855,13015.0,0
Hitman's Run,tt0174741,127756.0,0
Berlin Babylon,tt0276819,250989.0,0
Taqwacore: The Birth of Punk Islam,tt1519402,166375.0,0
Blessed,tt0390450,20695.0,0
Urban Family,tt3678188,361138.0,0
Nekromantik 2,tt0102522,48636.0,0
Fist of Legend,tt0110200,17809.0,1907743
Deep Evil,tt0389912,19010.0,0
USS Indianapolis: Men of Courage,tt2032572,340945.0,2158568
Fight for Your Life,tt0076023,39342.0,0
Kick-Heart,tt2753048,165718.0,0
Our Lips Are Sealed,tt0270560,34729.0,0
Ajab Prem Ki Ghazab Kahani,tt1252596,24827.0,26000000
Ken Park,tt0209077,7090.0,447741
Oppai Chanbara: Striptease Samurai Squad,tt1708497,80647.0,0
Burning Down the House,tt0123581,252682.0,0
Come Look at Me,tt0261184,71662.0,0
The Assault,tt1793239,59145.0,0
The Cottage,tt0465430,13849.0,0
The Mask You Live In,tt3983674,224972.0,0
Tickets,tt0418239,57251.0,0
The Killer Wore Gloves,tt0070417,28812.0,0
The Submarine Kid,tt3217994,375345.0,0
Cure: The Life of Another,tt1554929,282374.0,0
Windwalker,tt0081760,85548.0,18
Santo vs. the She-Wolves,tt0208423,317168.0,0
Old Enough,tt0087837,104043.0,0
42 One Dream Rush,tt2073510,191476.0,0
Debbie Macomber's Dashing Through the Snow,tt5070196,369052.0,0
Taryanche Bait,tt1906471,263314.0,0
Three from Prostokvashino,tt0189160,77294.0,0
OceanWorld 3D,tt1249415,33627.0,0
Gasland Part II,tt2795078,174322.0,0
Beyond the Front Line,tt0377935,29436.0,0
Dave Chappelle: For What It's Worth,tt0424934,20147.0,0
Doug Stanhope: Beer Hall Putsch,tt2833398,216989.0,0
Te presento a Laura,tt1684928,70712.0,0
Lego: The Adventures of Clutch Powers,tt1587414,33427.0,69229
Professori Uuno D.G. Turhapuro,tt0073581,36765.0,0
Oil City Confidential,tt1379092,57296.0,0
Expecting Love,tt1080930,47497.0,0
Toothless,tt0127322,82549.0,0
Special Section,tt0073679,79921.0,0
Film Noir: Bringing Darkness to Light,tt0876257,311998.0,0
Chrysalis,tt0884335,13336.0,0
Shadow Puppets,tt0491145,19551.0,0
Bob Funk,tt1091172,19575.0,0
Death of a Corrupt Man,tt0076410,69517.0,0
The Laramie Project,tt0257850,19448.0,0
Celestial Wives of the Meadow Mari,tt2536306,180960.0,0
Pink Floyd: Behind the Wall,tt1957996,79708.0,0
Santa Claus Is a Stinker,tt0084555,14645.0,0
Italians,tt1082007,23509.0,0
Monster Island,tt0382856,88905.0,0
Gag,tt0445972,75020.0,0
The Item,tt0181602,86685.0,0
Someday This Pain Will Be Useful to You,tt1703125,93676.0,532777
"Harvest: 3,000 Years",tt0073394,149155.0,0
Tiny Toon Adventures: How I Spent My Vacation,tt0105598,36257.0,0
"Oh, Hello on Broadway",tt6987652,460822.0,0
Sullivan's Banks,tt1255901,166770.0,0
I Know That Voice,tt2113683,124623.0,0
Nightmare Weekend,tt0091631,119592.0,0
Treading Water,tt2091427,166624.0,0
Tom and Jerry & The Wizard of Oz,tt2027255,72972.0,0
The Incredible Jessica James,tt5990342,432789.0,0
Mrs. Miracle,tt1431115,50506.0,0
Ejecta,tt2176722,266433.0,0
Bells of Innocence,tt0312450,36859.0,0
Superpai,tt3653518,308674.0,0
Anjelah Johnson: Not Fancy,tt4199110,362988.0,0
Why Not?,tt0082313,42143.0,0
King of Beggars,tt0100963,47648.0,0
The Batman Shootings,tt2327888,220890.0,0
My Mother's Courage,tt0117117,124625.0,0
Godzilla vs. Destoroyah,tt0113187,12561.0,18000000
The Ghost Galleon,tt0071256,28067.0,0
The Gamers: Hands of Fate,tt2312390,214264.0,405916
The Image,tt0073589,67018.0,0
Buddymoon,tt5243424,387889.0,0
The Cat from Outer Space,tt0077305,19378.0,0
Bugs Bunny's Looney Christmas Tales,tt0154263,26540.0,0
L'ange de goudron,tt0278304,196907.0,0
Pooh's Heffalump Halloween Movie,tt0457437,14885.0,0
Slap Shot 2: Breaking the Ice,tt0282171,23964.0,0
Sextette,tt0078238,116760.0,50000
Under the Hawthorn Tree,tt1554523,50542.0,0
Do You Take This Man,tt4723724,345916.0,0
Female,tt0024008,83868.0,0
Street Fighter: Round One - Fight!,tt3514862,33274.0,0
Beti No. 1,tt0286504,271484.0,0
Behind Enemy Lines II: Axis of Evil,tt0497329,10005.0,0
When Pigs Have Wings,tt1735200,77458.0,0
The Unbidden,tt4154004,419471.0,0
Little Girls in Pretty Boxes,tt0119551,212865.0,0
The Moment After,tt0240732,33501.0,0
Into the West,tt0409572,17800.0,0
Ishq,tt0133024,29988.0,0
An Enemy of the People,tt0075993,121890.0,0
Stung,tt3300572,254472.0,71085
Winnie the Pooh and Tigger Too,tt0072410,72185.0,0
Hurmaava joukkoitsemurha,tt0194026,55166.0,0
The Funhouse Massacre,tt4483220,363889.0,0
Naruto the Movie: Ninja Clash in the Land of Snow,tt0476680,16907.0,11141307
The Party Never Stops: Diary of a Binge Drinker,tt0843868,211144.0,0
Flamenco at 5:15,tt0085548,244449.0,0
Tuesdays with Morrie,tt0207805,26133.0,0
Flu,tt2351310,200085.0,19775853
The Power of Kangwon Province,tt0156906,86266.0,0
Enemy of the Reich: The Noor Inayat Khan Story,tt3088628,293570.0,0
Dive!,tt1490637,82642.0,0
Life Cycles,tt1828232,51299.0,0
Buddha Mountain,tt1745713,63064.0,0
Hidden Kisses,tt5572566,401698.0,0
Kent State,tt0082608,279006.0,0
I Really Hate My Job,tt0831299,18820.0,0
Michael Jackson: Life of a Superstar,tt1515158,106537.0,0
Charms for the Easy Life,tt0290160,71099.0,0
Borderline,tt0080465,8490.0,2300000
The Secret Life of Plants,tt0078217,218296.0,0
Life-Size,tt0200809,36968.0,0
Bad Ben,tt6269810,424643.0,0
Francis Bacon,tt0297899,376951.0,0
Poveda,tt4626160,384373.0,0
The Hot Flashes,tt2201251,170752.0,0
The Black Room,tt5431600,425931.0,0
The Hunters of the Golden Cobra,tt0084104,101444.0,0
The Throne,tt4010918,315439.0,42165755
Department Q: A Conspiracy of Faith,tt4088268,348668.0,9700000
Martyrs,tt1029234,9539.0,1100000
Dust,tt0243232,16405.0,0
Whatever Lola Wants,tt0758799,17495.0,0
Advance & Retreat,tt5334108,424822.0,0
Ventoux,tt4075520,328692.0,0
"Tommy Cooper: Not Like That, Like This",tt3323314,265934.0,0
O Quatrilho,tt0114212,67617.0,0
Snapdragon,tt0108169,41128.0,0
Uninhabited,tt1459013,45017.0,0
Happy,tt0491775,81060.0,5800000
Border Café,tt0477585,43768.0,0
McLaren,tt5031332,419192.0,0
The Secret of Moonacre,tt0396707,18032.0,7162618
Those Who Feel the Fire Burning,tt4119052,329066.0,0
Wizards of Waverly Place: The Movie,tt1369845,26736.0,0
What's Cooking in Paris,tt0061728,19548.0,0
Blood and Bone,tt0346631,22164.0,0
Charlie Victor Romeo,tt2489512,158933.0,0
Louis Theroux: By Reason of Insanity,tt4546868,334057.0,0
The Face of an Angel,tt2967008,254024.0,0
Trench of Hope,tt0386831,227481.0,0
A Fare to Remember,tt0192013,108228.0,0
Genius Party Beyond,tt1305678,77248.0,0
Population 436,tt0462482,1596.0,0
The Questor Tapes,tt0070585,62432.0,0
Filmage: The Story of Descendents/All,tt2417154,210274.0,0
Honeytrap,tt3159818,290283.0,0
Welfare,tt0073887,90511.0,0
I'll Follow You Down,tt2048770,273404.0,0
Parent Trap III,tt0098066,64183.0,0
Angels Sing,tt1833888,57210.0,0
Starflight: The Plane That Couldn't Land,tt0086357,15494.0,0
Cyclomania,tt0233509,21244.0,0
Tenchi: The Samurai Astronomer,tt1834303,163870.0,0
War of the Shaolin Temple,tt0185511,64272.0,0
The Last Minute,tt0275468,47657.0,0
For Grace,tt4125856,324269.0,0
La señal,tt0906777,127702.0,0
The Up in Smoke Tour,tt0278793,19349.0,0
A Christmas Kiss II,tt4280430,311093.0,0
Dead Man's Curve,tt0123034,44625.0,0
The Builder,tt1549050,268539.0,0
God's Gun,tt0074575,79194.0,0
Laws of Gravity,tt0104693,1482.0,0
The Good Humor Man,tt0382053,63474.0,0
The Ron Clark Story,tt0473389,25527.0,0
The Startup Kids,tt2279353,144390.0,0
Gabriel,tt0857376,9997.0,1395610
Black's Game,tt1860181,97340.0,67009
My Left Eye Sees Ghosts,tt0319901,45397.0,0
The Millionaire Tour,tt1937388,101056.0,0
Mountaintop Motel Massacre,tt0091560,29600.0,0
Hovering Over the Water,tt0092306,83229.0,0
Natural Selection,tt3667792,364690.0,0
Beyond Bedlam,tt0106402,56428.0,0
Hollow Point,tt0113313,58028.0,0
Symphony No. 42,tt3203054,256885.0,0
Bombay Beach,tt1758576,83732.0,0
Musudan,tt5447140,387845.0,500
The Small Town,tt0143334,52111.0,0
The Rock-afire Explosion,tt1327599,31780.0,0
Jim Carrey: Unnatural Act,tt0251156,24665.0,0
The Left-Handed Woman,tt0076316,198511.0,0
A Short Film About Killing,tt0095468,10754.0,0
Baton Rouge,tt0094822,253632.0,0
Antares,tt0419449,47120.0,64910
Doug Stanhope: Oslo - Burning the Bridge to Nowhere,tt1935193,68370.0,0
Into the Inferno,tt4846318,360029.0,0
Unspoken,tt1194628,68360.0,0
Che ne sarà di noi,tt0402912,38328.0,0
And Soon the Darkness,tt1391034,33107.0,177182
Murder by Phone,tt0081203,81887.0,0
Murder of a Cat,tt2481554,266718.0,0
Suspicious River,tt0219333,80294.0,0
Unedited Footage of a Bear,tt4289434,312174.0,0
12 Rounds 3: Lockdown,tt3957956,351901.0,0
Collision Earth,tt1887703,85949.0,0
El asombroso mundo de Borjamari y Pocholo,tt0425758,135696.0,3367646
Not Another Happy Ending,tt1808339,203321.0,0
Normal,tt0338290,67809.0,0
Dragon Fight,tt0095542,35038.0,0
Comrades in Arms,tt0101608,288126.0,0
Halloweentown II: Kalabar's Revenge,tt0274761,34205.0,0
The Lies of the Victors,tt3341718,297023.0,0
The Corpse of Anna Fritz,tt4441280,323372.0,0
Carl Panzram: The Spirit of Hatred and Vengeance,tt1756447,135465.0,0
Still Not Quite Human,tt0105473,70172.0,0
Girl Walks Into a Bar,tt1682246,59006.0,0
Hui Buh: Das Schlossgespenst,tt0428646,11651.0,0
Je t'aime moi non plus,tt0073196,4580.0,0
Highlander: The Search for Vengeance,tt0465657,13194.0,0
Future War,tt0113135,90616.0,0
Run If You Can,tt1391481,56624.0,0
Flicka 2,tt1381767,37932.0,0
Flyin' Ryan,tt0358480,85580.0,0
9-Man,tt2986300,267094.0,0
My Mom's a Werewolf,tt0097938,2199.0,0
The Bélier Family,tt3547740,304410.0,72775689
Darkman III: Die Darkman Die,tt0116033,19002.0,0
Stroszek,tt0075276,11698.0,0
Nightmare at Noon,tt0100261,53355.0,0
More Brains! A Return to the Living Dead,tt2011972,77171.0,0
The Sunshine Boys,tt0073766,16561.0,0
The Little Devil,tt0095869,43645.0,0
Beep: A Documentary History of Game Sound,tt5371622,338679.0,0
Ground Control,tt0137799,54940.0,0
The Wedding Waltz,tt0195855,38203.0,0
Rebirth of a Nation,tt1223143,130436.0,0
AWOL,tt4462372,356752.0,0
Google and the World Brain,tt2551516,157005.0,0
The Mikado,tt0031650,40629.0,0
I am Von Höfler Variation on Werther,tt2354103,288288.0,0
In the Forests of Siberia,tt4643432,395452.0,1492523
Cloud 9,tt2762970,245473.0,0
The Siege of Jadotville,tt3922798,334517.0,0
Free Samples,tt1793223,106337.0,0
Dead or Alive,tt0221111,11315.0,0
Wizard Mode,tt5709506,395278.0,0
Margarita with a Straw,tt2929690,287499.0,1000000
Thorne: Sleepyhead,tt1610518,71461.0,0
Hollywood Sex Wars,tt1764366,82510.0,0
The Bunny Game,tt1522846,84520.0,0
Hack!,tt0475289,10432.0,0
My Father and the Man in Black,tt1853620,115214.0,0
Jimi Plays Monterey,tt0093312,26028.0,0
Baseline,tt1390397,41342.0,0
Cool Cat Saves the Kids,tt2974050,325712.0,0
My Friend Victoria,tt3203992,290316.0,0
A Sister's Nightmare,tt2953240,225850.0,0
Harvest,tt1827528,79919.0,0
Billy Wilder Speaks,tt0823715,67280.0,0
Terrible Joe Moran,tt0088248,297668.0,0
Kony 2012,tt2294697,94587.0,0
The Calcium Kid,tt0330111,31063.0,0
Exte: Hair Extensions,tt0904049,21784.0,0
Snow on tha Bluff,tt1719634,63147.0,0
American Violence,tt5848714,435473.0,0
Bloodwork,tt1562567,100024.0,0
Protégé,tt0841150,16657.0,0
The Zohar Secret,tt3355014,346472.0,0
Pleasure at Her Majesty's,tt0076407,59527.0,0
The Rosewood Lane,tt1840388,86759.0,0
Perry Mason: The Case of the Silenced Singer,tt0100352,94105.0,0
Klitschko,tt1885281,70808.0,0
Shadows & Lies,tt1453403,64832.0,0
Facing Fear,tt2776636,249719.0,0
Rise of the Gargoyles,tt1275786,24921.0,0
The Duel,tt2436682,333386.0,20672
Café Express,tt0080488,107052.0,0
Spy Time,tt3510480,284514.0,0
Abzurdah,tt4413338,353989.0,0
July Rhapsody,tt0312886,51484.0,0
Claire of the Moon,tt0103977,53049.0,799674
The 36 Crazy Fists,tt0076661,46114.0,0
Hamilton's America,tt6146460,415078.0,0
Leader,tt1613040,55283.0,1458709
Bottom of the World,tt2337841,393172.0,0
Mama's Dirty Girls,tt0071802,300816.0,0
Beach Spike,tt1740661,73800.0,0
Gallants,tt1611823,42380.0,0
Crimes Against Humanity,tt2621742,208286.0,0
The Yakuza,tt0073918,28415.0,1500000
The Willies,tt0103268,25088.0,0
Gewoon Hans,tt1532951,33130.0,0
Chris Hardwick: Mandroid,tt2515472,144092.0,0
Creature from Black Lake,tt0074356,43753.0,0
Riot On!,tt0427783,21843.0,0
My Friend Ivan Lapshin,tt0084345,83491.0,0
I Will Follow You Into the Dark,tt2179087,216374.0,0
Cuckoo in a Dark Forest,tt0091359,337435.0,0
Borrowed Hearts,tt0132893,70417.0,0
Lars i porten,tt0087587,174748.0,0
Assassins Run,tt1502417,185497.0,0
Female Vampire,tt0069745,28802.0,0
Gourmet Detective: A Healthy Place to Die,tt4041382,348631.0,0
Road to Istanbul,tt2207112,383064.0,0
Days of Nietzsche in Turin,tt0297856,163077.0,0
Bigfoot Lives,tt1394174,191402.0,0
Meet the Hitlers,tt2432918,326255.0,0
Lurking Fear,tt0110410,44265.0,0
Trapped in the Closet: Chapters 23-33,tt2526856,151509.0,0
Killing Me Softly,tt0250468,14365.0,7775138
Fort Bliss,tt2093995,263855.0,0
From Caligari to Hitler: German Cinema in the Age of the Masses,tt3908344,304878.0,0
Wild Palms,tt0106175,70859.0,0
Return of the Atom,tt1010248,355771.0,0
The Dirt Bike Kid,tt0090948,33321.0,0
American Ninja 5,tt0106257,25684.0,0
Hotel,tt2363178,193523.0,0
Sniper 2,tt0338450,14245.0,0
The Woman,tt1714208,65599.0,0
Dead Genesis,tt1650516,80837.0,0
It's a Bird... It's a Plane... It's Superman!,tt0339210,142064.0,0
The Axe Murders of Villisca,tt3320500,401065.0,0
Rikki-Tikki-Tavi,tt0175122,13415.0,0
Malice@Doll,tt0363277,50113.0,0
Da Hip Hop Witch,tt0245943,76176.0,0
Ishq Vishk,tt0362771,41901.0,0
R.O.D Read or Die,tt0368197,37789.0,0
Baazi,tt0121989,159657.0,0
House Party: Tonight's the Night,tt2631862,212455.0,0
Hotel Meina,tt0981293,136572.0,0
Odyssey in Rome,tt0430420,343043.0,0
Mariages!,tt0388242,52538.0,0
Under New Management,tt0887966,62399.0,0
Invention of Trust,tt6113490,437838.0,0
Tom Papa: Freaked Out,tt2769276,231145.0,0
Summer Camp,tt2638662,306966.0,0
Hollow Man II,tt0469916,8997.0,0
Crimetime,tt0115976,99859.0,0
The Night of the Sorcerers,tt0066144,77642.0,0
Chinaman,tt0414195,23019.0,0
Shortcut to Happiness,tt0263265,33932.0,0
Home Movie,tt1267319,27258.0,0
Marquis,tt0097839,36068.0,0
Crazy,tt0215681,9375.0,0
Tabloid Truth,tt3671552,256316.0,0
What War May Bring,tt1440146,53456.0,0
Guyver: Dark Hero,tt0109965,11795.0,0
The Runner,tt3687398,277546.0,0
Cutting Class,tt0097136,21799.0,0
Night of the Seagulls,tt0073461,28071.0,0
Vanishing Waves,tt2208216,133764.0,0
Pentimento,tt0254676,152943.0,0
Love Under New Management: The Miki Howard Story,tt5279042,405621.0,0
Killer Holiday,tt1982735,229526.0,0
"Madrid, 1987",tt1760980,84308.0,0
Raiders of the Living Dead,tt0138050,45031.0,0
Ajnabee,tt0278291,22316.0,0
Go Figure,tt0447987,55504.0,0
Xtro,tt0086610,25834.0,0
44500 Max,tt1539107,102527.0,0
Rowing with the Wind,tt0093840,80047.0,0
Night and the City,tt0042788,19119.0,0
Wu Dang,tt2251662,120713.0,0
One Way or Another,tt0075915,162505.0,0
The Dukes of Hazzard: Reunion!,tt0119025,150329.0,0
Storm Catcher,tt0179477,26129.0,11580
Patrick,tt0078067,17212.0,0
Russell Peters: Almost Famous,tt5946232,417026.0,0
Black Butterfly,tt2090465,76812.0,0
Cold Showers,tt0422133,27095.0,0
Zipper,tt3346224,309503.0,0
Love Records: Gimme Some Love,tt4431326,379335.0,0
The 4th Floor,tt0167752,49745.0,0
Two: The Story of Roman & Nyro,tt2740874,224293.0,0
Marina,tt2614860,229582.0,0
Jim Jefferies: Freedumb,tt5849950,404022.0,0
Parched,tt3043252,352205.0,0
Viva l'Italia,tt2508478,142320.0,0
Police Python 357,tt0075082,37455.0,0
Spin,tt0479164,99251.0,0
Eden Log,tt1087842,14235.0,157350
Samurai Fiction,tt0170544,10686.0,0
Death Watch,tt0081182,3418.0,0
The World According to Ion B.,tt1683890,55802.0,0
The Stepdaughter,tt0221581,204839.0,0
Cheerful Wind,tt0082371,87953.0,0
Waking Madison,tt0831280,68174.0,0
Edith Walks,tt6612512,462026.0,0
Exodus,tt0053804,1941.0,20000000
L for Leisure,tt3921418,247777.0,0
Pelota,tt0378549,258630.0,0
Day of the Panther,tt0094957,75203.0,0
Small Roads,tt2317089,137008.0,0
Be My Valentine,tt2288568,226167.0,0
Misa mi,tt0342777,121754.0,0
Sugar Coated,tt4425138,337473.0,0
Rag Union,tt4767340,390376.0,0
The Last Days of Emma Blank,tt1239446,42346.0,0
Il commissario Lo Gatto,tt0092770,59139.0,0
Sket,tt1658820,92391.0,0
De nieuwe wildernis,tt2997766,217014.0,0
Chloe and Theo,tt1754736,300686.0,0
Les Misérables in Concert: The 25th Anniversary,tt1754109,158675.0,742004
Aladin,tt1227762,25868.0,0
Matching Jack,tt1447499,44049.0,0
I Lived,tt2949196,342896.0,0
Sick Girl,tt1078931,23515.0,0
The Guy from Harlem,tt0175694,81470.0,0
Condorman,tt0082199,19379.0,0
The Invader,tt1772947,84479.0,0
Presidentintekijät,tt3506224,307113.0,0
Simple Things,tt0481583,87847.0,0
Zombie Wars,tt0897444,28602.0,0
Trémulo,tt4145318,400001.0,0
Grand Theft Parsons,tt0338075,16433.0,6876
Autumn Sonata,tt0077711,12761.0,0
Casper: A Spirited Beginning,tt0118824,39346.0,0
The Beach Girls,tt0083628,54803.0,0
Kill for Me,tt2085957,167305.0,0
The King and Queen of Moonlight Bay,tt0342639,72232.0,0
Death Comes to Pemberley,tt2951788,246699.0,0
Mariken,tt0239593,75578.0,0
Frightmare,tt0071523,38446.0,0
The Con Artists,tt0076101,38362.0,0
Chronic Town,tt0988035,91443.0,0
The Canterville Ghost,tt0036696,19463.0,0
Children of the Corn V: Fields of Terror,tt0150111,25751.0,0
Avalon,tt0267287,10881.0,8826094
Life Is a Trumpet,tt2936938,385654.0,0
Kenji Mizoguchi: The Life of a Film Director,tt0071163,44165.0,0
Man in the Mirror: The Michael Jackson Story,tt0411377,73353.0,0
MURDER and murder,tt0116949,407992.0,0
Dikkenek,tt0456123,8736.0,0
Knockout,tt1691453,58448.0,0
Before I Self Destruct,tt1310569,25467.0,0
Dona Flor and Her Two Husbands,tt0077452,42234.0,0
25 April,tt3728746,356294.0,0
Piper,tt5613056,399106.0,0
The Do-Over,tt4769836,389053.0,0
Days of Hope,tt0037680,219924.0,0
Extreme Private Eros: Love Song 1974,tt0233809,130639.0,0
Nightmare Sisters,tt0093628,27476.0,0
Slumming,tt0499157,76853.0,0
Moonlight Serenade,tt0455638,28025.0,0
A Flintstones Christmas Carol,tt0193164,48874.0,0
1939: Hollywood's Greatest Year,tt1454902,266814.0,0
The Atrocity Exhibition,tt0197256,65456.0,0
Gumball 3000: The Movie,tt0390067,35701.0,0
What No One Knows,tt0965411,15837.0,0
Hella W,tt1382722,62614.0,0
Hearty Paws,tt1710565,154326.0,0
Kermit's Swamp Years,tt0304283,15909.0,0
Three Men in a Boat,tt0073803,78329.0,0
SOMM: Into the Bottle,tt5161502,372315.0,0
Elena Undone,tt1575539,56743.0,0
The Magic of Heineken,tt3384890,293850.0,0
Earthling,tt1398999,78088.0,0
Safety Patrol,tt0152265,84211.0,0
Ultimate Avengers: The Movie,tt0491703,14609.0,6700000
Pu-239,tt0472156,26431.0,0
You Will Know What to Do with Me,tt3810572,317938.0,0
Provocateur,tt0134912,165550.0,0
Watch Me When I Kill,tt0076068,40261.0,0
Noriko's Dinner Table,tt0468820,42041.0,0
Raw Deal: A Question of Consent,tt0239879,114490.0,0
Captain Thunder,tt1233259,80122.0,1034558
The Roman Spring of Mrs. Stone,tt0055382,36731.0,0
Two Worlds,tt0808230,14791.0,0
Beauty Is Embarrassing,tt2040281,90603.0,0
The Hound of the Baskervilles,tt0052905,11791.0,0
Perry Mason: The Case of the Avenging Ace,tt0095854,225816.0,0
Battle Arena Toshinden,tt0144095,52143.0,0
Recipe for a Perfect Christmas,tt0480844,52925.0,0
The Death of Kevin Carter: Casualty of the Bang Bang Club,tt0439676,214187.0,0
Happily Ever After,tt0381270,14653.0,7725902
Eating Out: Drama Camp,tt1833845,71744.0,0
The Land Before Time XIII: The Wisdom of Friends,tt1139111,39961.0,0
The Shepherd,tt0827521,24411.0,0
Dead Rising: Endgame,tt5481404,400605.0,0
Autumn in the Vineyard,tt6041048,413441.0,0
Suburban Gothic,tt3279176,277688.0,0
Intimate Parts,tt2934404,204690.0,0
Apnea,tt1686053,69353.0,0
Granny's Dancing on the Table,tt4314094,358907.0,0
Dead Souls,tt2188717,183412.0,0
By Dawn's Early Light,tt0099197,20674.0,0
Evil Angel,tt0892051,35908.0,0
Pure,tt1483753,58156.0,0
The Footprints of a Spirit,tt0275413,288296.0,0
The Razor's Edge,tt0038873,56135.0,0
Heavy Metal Britannia,tt1615847,176896.0,0
Bloody Birthday,tt0082084,55538.0,0
Legend of the Galactic Heroes: Overture to a New War,tt0107382,154727.0,0
The Antwerp Dolls,tt2084957,400121.0,0
My Bromance,tt3522738,285307.0,0
Saint Seiya: Legend of Crimson Youth,tt0326143,66105.0,0
Smokey Bites the Dust,tt0083097,62880.0,0
Gardener of Eden,tt0403057,25354.0,0
Black Rainbow,tt0099143,71373.0,0
Things You Can Tell Just by Looking at Her,tt0210358,20067.0,1433668
Nocturna,tt0836682,26700.0,0
Hidden Away,tt3289362,258755.0,0
The Human Behavior Experiments,tt0822813,216755.0,0
Death Proof,tt1028528,1991.0,31126421
A Night for Dying Tigers,tt1624376,107255.0,0
Tender Cousins,tt0081614,73134.0,0
Soaked in Bleach,tt3253624,295595.0,0
Kevin,tt1868030,87593.0,0
Five,tt4741714,381356.0,0
Dream Home,tt1407972,49706.0,378600
A Patriotic Man,tt2343585,264048.0,0
Snow White and Russian Red,tt1242881,36415.0,0
Dr. Jekyll and Mr. Hyde,tt0022835,3019.0,1300000
The Overbrook Brothers,tt1365637,91391.0,0
Alter Ego,tt0965367,173421.0,0
Virtual JFK: Vietnam If Kennedy Had Lived,tt1205541,78999.0,0
Barbie as the Island Princess,tt1092053,13283.0,0
"Fat, Sick & Nearly Dead",tt1227378,72914.0,0
Holiday in Handcuffs,tt0938666,24446.0,0
Fragile,tt0422272,11348.0,6680926
Dangerously Excited,tt2086953,142533.0,0
Secret Sunshine,tt0817225,2015.0,11581469
Jailbait Babysitter,tt0077762,86210.0,0
At Sea,tt1829648,131792.0,0
The Marriage of Figaro,tt0220672,214699.0,0
I'm Not Ready for Christmas,tt5182120,363478.0,0
Bang Gang: A Modern Love Story,tt3838728,327040.0,0
Annaluise & Anton,tt0161935,799.0,0
Omagh,tt0408056,5413.0,0
Don't Open Till Christmas,tt0089038,84422.0,0
A Necessary Death,tt1189349,109459.0,0
Listen to Your Heart,tt1274296,48373.0,0
Trench Road,tt0372359,145902.0,0
The Dream of a Ridiculous Man,tt0475730,119855.0,0
Manual of Love 2,tt0847745,20069.0,0
Love Sick Love,tt1992147,182349.0,0
10.0 Earthquake,tt3488056,302666.0,0
Another Public Enemy,tt0433328,32213.0,0
Summer of Goliath,tt1714758,99495.0,0
"Another Day, Another Time: Celebrating the Music of Inside Llewyn Davis",tt3358552,242675.0,0
Take Away,tt0295718,16058.0,0
My Grandfather's People,tt2150209,81708.0,6086224
Kiss of the Tarantula,tt0131449,89720.0,0
Rumba,tt1160022,51871.0,0
Come Dance at My Wedding,tt1355235,32782.0,0
Coicent,tt2087838,118026.0,0
Way Beyond Weight,tt2787834,165321.0,0
Zenon: Girl of the 21st Century,tt0186726,34766.0,0
Exorcismus,tt1322306,63727.0,0
My Beautiful Country,tt2302739,241140.0,0
A Nanny for Christmas,tt1572008,50652.0,0
More,tt0188913,36107.0,0
The Olsen Gang in Deep Trouble,tt1978599,207323.0,0
Midnight Ride,tt0100148,31942.0,0
Louis C.K.: Live at the Beacon Theater,tt2112999,80379.0,1000000
"Good Men, Good Women",tt0113256,99600.0,10050000
Nazareno Cruz and the Wolf,tt0071897,127424.0,0
The 'Alien' Saga,tt0342036,25021.0,0
The Waiting Room,tt0446930,52188.0,0
Fatal Intuition,tt5052298,369443.0,0
See How They Fall,tt0110958,64347.0,0
Queen of Carthage,tt2458988,303360.0,0
The Case of: JonBenét Ramsey,tt6087230,416988.0,0
Battle of the Stars,tt0075881,292133.0,0
Superprodukcja,tt0354068,68646.0,0
Legend No. 17,tt2182001,184155.0,29523237
The Pied Piper,tt0174834,82094.0,0
The Search for Santa Paws,tt1544572,48844.0,0
Seduced and Abandoned,tt0058564,42790.0,0
Frequently Asked Questions About Time Travel,tt0910554,22494.0,23820
Welcome to Dongmakgol,tt0475783,14968.0,33579813
11 x 14,tt0156246,138535.0,0
In Search of Memory,tt1462017,62730.0,1062000
The Trial of Lee Harvey Oswald,tt0076841,257605.0,0
A Grande Família: O Filme,tt0990366,56049.0,0
Stephen Fry: The Secret Life of the Manic Depressive,tt0808482,99022.0,0
Green Legend Ran,tt0158644,56190.0,0
The Shaolin Temple,tt0079891,10275.0,16157801
Mr. Vampire,tt0089371,67342.0,0
Afterburn,tt0103626,131351.0,0
Zombie Girl: The Movie,tt1278480,83587.0,0
Kamchatka,tt0320042,28710.0,8000000
Hallway,tt4522158,359070.0,0
An American Tail: The Treasure of Manhattan Island,tt0166973,31473.0,0
Birdwatchers,tt1054674,12811.0,0
Enter the Ninja,tt0082332,17205.0,0
The Black Pimpernel,tt0796206,39166.0,0
Castles in the Sky,tt3311900,277846.0,0
The Amputee,tt0193716,48847.0,0
Sweet Mud,tt0498846,11110.0,0
The Moon Warriors,tt0108650,50936.0,0
Jon Richardson Live: Nidiot,tt4294036,307256.0,0
King of the Children,tt0093133,148597.0,0
Here and Elsewhere,tt0071646,26298.0,0
Cruel Winter Blues,tt0969367,70131.0,0
The Lightship,tt0089491,49823.0,0
10 Attitudes,tt0312297,19828.0,0
Bes Sehir,tt1523415,51334.0,0
Enter the Phoenix,tt0407708,21522.0,1344920
Old 37,tt1600429,156981.0,0
A Bunch of Amateurs,tt1171226,18034.0,0
Bloodsucking Pharaohs in Pittsburgh,tt0101483,27207.0,0
Pinocchio's Christmas,tt0081340,50934.0,0
Opposing Force,tt0091688,40468.0,0
North Star,tt0114622,200383.0,0
El Cortez,tt0423372,24041.0,0
Animals,tt0397612,198306.0,0
Carjacked,tt1321861,72912.0,0
A Monster in Paris,tt0961097,77459.0,26611650
8 x 10 Tasveer,tt1105709,18673.0,0
Girlfriend's Day,tt2962984,346650.0,0
Contact High,tt0780002,31337.0,0
Katt Williams: It's Pimpin' Pimpin',tt1323575,13488.0,0
Nightmare Detective,tt0852726,43713.0,0
Search for the Beast,tt0129358,181628.0,0
The Last Remake of Beau Geste,tt0076297,55628.0,0
A Soldier's Tale,tt0096131,237202.0,0
Finding Rin Tin Tin,tt0493443,66733.0,0
Barry Hilton: The Live Series,tt5652920,429803.0,0
Intergirl,tt0097584,83524.0,0
Prairie Fever,tt1160018,16926.0,0
Slow Action,tt1836918,85107.0,0
The Bone Snatcher,tt0343449,22451.0,0
Down and Dangerous,tt2090488,164286.0,0
Wanda Sykes: I'ma Be Me,tt1511514,26250.0,0
The Testaments: Of One Fold and One Shepherd,tt0258247,42195.0,0
Flesh Wounds,tt1461677,64091.0,0
1st to Die,tt0252133,86970.0,0
George Lopez: America's Mexican,tt0975673,19993.0,0
Varian's War: The Forgotten Hero,tt0245540,74474.0,0
Enter the Warriors Gate,tt4652532,413658.0,0
Red Amnesia,tt3890278,283711.0,0
The Beginning of Life,tt5140248,397093.0,0
Terror Firmer,tt0169299,14005.0,0
Lies & Illusions,tt1202222,23736.0,0
Russell Brand: Messiah Complex,tt3397430,238185.0,0
Squadra antifurto,tt0076753,52914.0,0
Doing Time on Maple Drive,tt0104118,22795.0,0
Vesna Goes Fast,tt0118074,120122.0,0
Mercenaries,tt3598222,277597.0,0
Trouble at Timpetill,tt0953382,21788.0,0
Un attore contro - Gian Maria Volonté,tt2248926,279842.0,0
American Virgin,tt1318044,23568.0,0
Natimorto,tt1522189,85389.0,0
The Piano Player,tt0293509,4968.0,0
Gizmo!,tt0074573,57954.0,0
Little Lips,tt0077682,26550.0,0
Cloudburst,tt1466054,117098.0,0
Dead 7,tt4405860,384450.0,0
Buried Alive II,tt0118800,73336.0,0
Steel Frontier,tt0114537,39449.0,0
I'll Be There,tt0325352,48967.0,0
Prime Suspect 2,tt0103516,215993.0,0
Aashiqui 2,tt2203308,192558.0,16000000
Letter to Brezhnev,tt0089477,60363.0,0
Murder by Natural Causes,tt0079593,256166.0,0
Barbie: Spy Squad,tt5042436,377897.0,0
Wood Job!,tt2964120,274817.0,0
Traders,tt3531578,347647.0,0
Der Bockerer,tt0082087,24140.0,0
Le crocodile du Botswanga,tt2969776,248390.0,0
Coming to Terms,tt2464486,192178.0,0
The Secretary,tt0114376,122982.0,0
Back to You and Me,tt0419816,130300.0,0
Jessica Darling's It List,tt5213744,370765.0,0
Mimesis,tt1720164,70878.0,0
Boris Without Béatrice,tt4780842,372985.0,0
